{
    "bgmVolume": 0.8000000715255737,
    "seVolume": 0.49999991059303284
}